"lower_HPD","median","upper_HPD"
0.12081,10.02,51.582
0.13825,10.059,51.543
0.13491,4.3468,22.778
0.10226,4.4734,33.372
